row	col	numerator	denominator
1	1	1212414025023	165689187465215960
1	86	33178367615	15057555281184
1	171	33178367615	15057555281184
1	256	130231	9356200
2	2	-404138008341	165689187465215960
3	3	-404138008341	165689187465215960
4	4	-404138008341	165689187465215960
5	5	1	4
5	175	19	34
6	6	1	4
6	176	19	34
7	7	-1	4
8	8	-1	4
9	9	1	4
9	94	19	34
10	10	-1	4
11	11	1	4
11	96	19	34
12	12	-1	4
17	17	-2018015854913307	165689187465215960
17	187	-35886385137	627398136716
18	18	672671951637769	165689187465215960
19	19	672671951637769	165689187465215960
20	20	672671951637769	165689187465215960
21	21	134712669447	33137837493043192
21	66	-1500423697445	15057555281184
21	191	609836685317	5019185093728
21	236	-93731	9356200
22	22	-44904223149	33137837493043192
23	23	-44904223149	33137837493043192
24	24	-44904223149	33137837493043192
25	25	1	4
26	26	-1	4
27	27	1	4
28	28	-1	4
29	29	1	4
29	74	15	34
30	30	-1	4
31	31	1	4
31	76	15	34
32	32	-1	4
33	33	-2018015854913307	165689187465215960
33	118	-35886385137	627398136716
34	34	672671951637769	165689187465215960
35	35	672671951637769	165689187465215960
36	36	672671951637769	165689187465215960
37	37	1	4
38	38	1	4
39	39	-1	4
40	40	-1	4
41	41	134712669447	33137837493043192
41	126	609836685317	5019185093728
41	131	-1500423697445	15057555281184
41	216	-93731	9356200
42	42	-44904223149	33137837493043192
43	43	-44904223149	33137837493043192
44	44	-44904223149	33137837493043192
45	45	1	4
45	135	15	34
46	46	1	4
46	136	15	34
47	47	-1	4
48	48	-1	4
49	49	5138876220310563	82844593732607980
50	50	-1712958740103521	82844593732607980
51	51	-1712958740103521	82844593732607980
52	52	-1712958740103521	82844593732607980
53	53	-27592969685639	9467953569440912
53	98	-17584771851	1254796273432
54	54	27592969685639	28403860708322736
55	55	27592969685639	28403860708322736
56	56	27592969685639	28403860708322736
57	57	-27592969685639	9467953569440912
57	147	-17584771851	1254796273432
58	58	27592969685639	28403860708322736
59	59	27592969685639	28403860708322736
60	60	27592969685639	28403860708322736
61	61	74840371915	33137837493043192
61	106	556454647381	5019185093728
61	151	556454647381	5019185093728
61	196	57231	9356200
62	62	-74840371915	99413512479129576
63	63	-74840371915	99413512479129576
64	64	-74840371915	99413512479129576
65	65	11140963226837640945971	645751171257687817479248
65	235	369483377	11402668512
66	21	-1500423697445	15057555281184
66	66	-11139588458990034815105	645751171257687817479248
66	191	-22457	6762868
66	236	108257602823	2061063414630
67	67	-5776335494143407	5426480430736872415792
68	68	-5776335494143407	5426480430736872415792
69	69	1	4
69	239	19	34
70	70	1	4
70	240	19	34
71	71	-1	4
72	72	-1	4
73	73	-2	49
74	29	15	34
74	74	2	49
75	75	-2	49
76	31	15	34
76	76	2	49
81	81	275417476076501572734059	4681695991618236676724548
81	251	-16412027	316740792
82	82	-275413046268992619645713	4681695991618236676724548
82	252	-1151771764931	17519039024355
83	83	-641815054904823	1356620107684218103948
84	84	-641815054904823	1356620107684218103948
85	85	117971083026488163075	18726783966472946706898192
85	255	-2935	1266963168
86	1	33178367615	15057555281184
86	86	-95822045481722721345	18726783966472946706898192
86	171	94267	6762868
86	256	901966729	412212682926
87	87	-3209075274524115	5426480430736872415792
88	88	-3209075274524115	5426480430736872415792
89	89	19	68
90	90	-19	68
91	91	19	68
92	92	-19	68
93	93	-1	4
94	9	19	34
94	94	1	4
95	95	-1	4
96	11	19	34
96	96	1	4
97	97	-1776730281290212471994215	18726783966472946706898192
98	53	-17584771851	1254796273432
98	98	1832060779935542332755541	18726783966472946706898192
99	99	-8016589198106325813	5426480430736872415792
100	100	-8016589198106325813	5426480430736872415792
101	101	1	4
102	102	1	4
103	103	-1	4
104	104	-1	4
105	105	-191005367251643801382479	13376274261766390504927280
105	195	7156223	422321056
106	61	556454647381	5019185093728
106	106	191021187992747205269429	13376274261766390504927280
106	151	-49353	6762868
106	196	13188857081	229007046070
107	107	-3209075274524115	5426480430736872415792
108	108	-3209075274524115	5426480430736872415792
109	109	1	4
109	199	15	34
110	110	1	4
110	200	15	34
111	111	-1	4
112	112	-1	4
113	113	-140288840030435750023919	56180351899418840120694576
114	114	-203922515080037732710801	18726783966472946706898192
115	115	108962095808540850211	16279441292210617247376
116	116	108962095808540850211	16279441292210617247376
117	117	-69536938321055756280201	2340847995809118338362274
118	33	-35886385137	627398136716
118	118	82116340169106932173495	2340847995809118338362274
119	119	-1822573434953806997	678310053842109051974
120	120	-1822573434953806997	678310053842109051974
121	121	826220969274030988025357	14045087974854710030173644
121	211	-123388	2083821
122	122	-275404528753838688737149	4681695991618236676724548
122	212	-909293716151	17519039024355
123	123	-1069691758174705	4069860323052654311844
124	124	-1069691758174705	4069860323052654311844
125	125	196618471710813605125	56180351899418840120694576
125	215	-2935	1266963168
126	41	609836685317	5019185093728
126	126	-53234469712068178525	18726783966472946706898192
126	131	-22457	6762868
126	216	-14603357995	137404227642
127	127	-5348458790873525	16279441292210617247376
128	128	-5348458790873525	16279441292210617247376
129	129	11140963226837640945971	645751171257687817479248
129	214	369483377	11402668512
130	130	-5776335494143407	5426480430736872415792
131	41	-1500423697445	15057555281184
131	126	-22457	6762868
131	131	-11139588458990034815105	645751171257687817479248
131	216	108257602823	2061063414630
132	132	-5776335494143407	5426480430736872415792
133	133	-2	49
134	134	-2	49
135	45	15	34
135	135	2	49
136	46	15	34
136	136	2	49
137	137	1	4
137	222	19	34
138	138	-1	4
139	139	1	4
139	224	19	34
140	140	-1	4
145	145	-1776730281290212471994215	18726783966472946706898192
146	146	-8016589198106325813	5426480430736872415792
147	57	-17584771851	1254796273432
147	147	1832060779935542332755541	18726783966472946706898192
148	148	-8016589198106325813	5426480430736872415792
149	149	-191005367251643801382479	13376274261766390504927280
149	194	7156223	422321056
150	150	-3209075274524115	5426480430736872415792
151	61	556454647381	5019185093728
151	106	-49353	6762868
151	151	191021187992747205269429	13376274261766390504927280
151	196	13188857081	229007046070
152	152	-3209075274524115	5426480430736872415792
153	153	1	4
154	154	-1	4
155	155	1	4
156	156	-1	4
157	157	1	4
157	202	15	34
158	158	-1	4
159	159	1	4
159	204	15	34
160	160	-1	4
161	161	275417476076501572734059	4681695991618236676724548
161	246	-16412027	316740792
162	162	-641815054904823	1356620107684218103948
163	163	-275413046268992619645713	4681695991618236676724548
163	248	-1151771764931	17519039024355
164	164	-641815054904823	1356620107684218103948
165	165	19	68
166	166	19	68
167	167	-19	68
168	168	-19	68
169	169	117971083026488163075	18726783966472946706898192
169	254	-2935	1266963168
170	170	-3209075274524115	5426480430736872415792
171	1	33178367615	15057555281184
171	86	94267	6762868
171	171	-95822045481722721345	18726783966472946706898192
171	256	901966729	412212682926
172	172	-3209075274524115	5426480430736872415792
173	173	-1	4
174	174	-1	4
175	5	19	34
175	175	1	4
176	6	19	34
176	176	1	4
177	177	-140288840030435750023919	56180351899418840120694576
178	178	108962095808540850211	16279441292210617247376
179	179	-203922515080037732710801	18726783966472946706898192
180	180	108962095808540850211	16279441292210617247376
181	181	826220969274030988025357	14045087974854710030173644
181	226	-123388	2083821
182	182	-1069691758174705	4069860323052654311844
183	183	-275404528753838688737149	4681695991618236676724548
183	228	-909293716151	17519039024355
184	184	-1069691758174705	4069860323052654311844
185	185	-69536938321055756280201	2340847995809118338362274
186	186	-1822573434953806997	678310053842109051974
187	17	-35886385137	627398136716
187	187	82116340169106932173495	2340847995809118338362274
188	188	-1822573434953806997	678310053842109051974
189	189	196618471710813605125	56180351899418840120694576
189	234	-2935	1266963168
190	190	-5348458790873525	16279441292210617247376
191	21	609836685317	5019185093728
191	66	-22457	6762868
191	191	-53234469712068178525	18726783966472946706898192
191	236	-14603357995	137404227642
192	192	-5348458790873525	16279441292210617247376
193	193	-740425479107849627	66739916372523070560
194	149	7156223	422321056
194	194	-9837911350483501939	440483448058652265696
195	105	7156223	422321056
195	195	-9837911350483501939	440483448058652265696
196	61	57231	9356200
196	106	13188857081	229007046070
196	151	13188857081	229007046070
196	196	122813154315394057081	2202417240293261328480
197	197	-2	49
198	198	-2	49
199	109	15	34
199	199	2	49
200	110	15	34
200	200	2	49
201	201	-2	49
202	157	15	34
202	202	2	49
203	203	-2	49
204	159	15	34
204	204	2	49
209	209	73148401435908589	6256867159924037865
210	210	-1692925800230608004	68825538759164416515
211	121	-123388	2083821
211	211	6485187389030135807	137651077518328833030
212	122	-909293716151	17519039024355
212	212	-4708600620158908757	137651077518328833030
213	213	25162411298283	4449327758168204704
214	129	369483377	11402668512
214	214	404549598737702699	22246638790841023520
215	125	-2935	1266963168
215	215	143565589304997	48942605339850251744
216	41	-93731	9356200
216	126	-14603357995	137404227642
216	131	108257602823	2061063414630
216	216	-4452147346682660239	244713026699251258720
217	217	19	68
218	218	-19	68
219	219	19	68
220	220	-19	68
221	221	-1	4
222	137	19	34
222	222	1	4
223	223	-1	4
224	139	19	34
224	224	1	4
225	225	73148401435908589	6256867159924037865
226	181	-123388	2083821
226	226	6485187389030135807	137651077518328833030
227	227	-1692925800230608004	68825538759164416515
228	183	-909293716151	17519039024355
228	228	-4708600620158908757	137651077518328833030
229	229	19	68
230	230	19	68
231	231	-19	68
232	232	-19	68
233	233	25162411298283	4449327758168204704
234	189	-2935	1266963168
234	234	143565589304997	48942605339850251744
235	65	369483377	11402668512
235	235	404549598737702699	22246638790841023520
236	21	-93731	9356200
236	66	108257602823	2061063414630
236	191	-14603357995	137404227642
236	236	-4452147346682660239	244713026699251258720
237	237	-1	4
238	238	-1	4
239	69	19	34
239	239	1	4
240	70	19	34
240	240	1	4
241	241	205623360983479	58543786291686904
242	242	-3810253797147245749	61178256674812814680
243	243	-3810253797147245749	61178256674812814680
244	244	7405631182066755943	61178256674812814680
245	245	2795823477587	1112331939542051176
246	161	-16412027	316740792
246	246	2159280443719240223	36706954004887688808
247	247	47855196434999	36706954004887688808
248	163	-1151771764931	17519039024355
248	248	-2159420561090435593	36706954004887688808
249	249	2795823477587	1112331939542051176
250	250	47855196434999	36706954004887688808
251	81	-16412027	316740792
251	251	2159280443719240223	36706954004887688808
252	82	-1151771764931	17519039024355
252	252	-2159420561090435593	36706954004887688808
253	253	13979117387935	4449327758168204704
254	169	-2935	1266963168
254	254	239275982174995	146827816019550755232
255	85	-2935	1266963168
255	255	239275982174995	146827816019550755232
256	1	130231	9356200
256	86	901966729	412212682926
256	171	901966729	412212682926
256	256	-939862838151845	146827816019550755232
